Skin Name;Purchase Date;Website Bought On;Purchase Price;Sold Date;Website Sold On;Sold Price;Profit $;Profit %;Notes;Pending
USP-S | Gamma Doppler (Field-Tested);2026-04-08;csmoney;100,27;2026-05-02;csmoney;117,18;3,55;3,54;;false
★ Gut Knife | Damascus Steel (Minimal Wear);2025-12-24;buff163;985,68;2026-01-04;buff163;1155,38;78,65;7,98;;false
FAMAS | Sunset Storm (Field-Tested);2025-12-30;dmarket;269,51;2026-01-05;dmarket;308,99;3,88;1,44;;false
FAMAS | Cyrex (Minimal Wear);2026-02-17;buff163;149,74;2026-03-19;buff163;168,75;5,29;3,53;;false
AUG | Poseidon (Minimal Wear);2026-02-07;skinswap;149,73;2026-04-06;skinswap;175,54;5,84;3,90;;false
SG 553 | Howl (Battle-Scarred);2025-12-11;csmoney;63,76;2026-01-24;csmoney;77,15;4,77;7,48;;false
M4A1-S | Neon Rider (Field-Tested);2026-02-25;csfloat;79,06;2026-04-20;csfloat;95,32;8,45;10,69;;false
AWP | Sunset Storm (Battle-Scarred);2026-03-26;csmoney;89,88;2026-04-16;csmoney;106,75;4,80;5,35;;false
AUG | Phosphor (Field-Tested);2026-01-05;csmoney;280,26;2026-01-21;csmoney;341,14;22,86;8,16;;false
P2000 | Medusa (Well-Worn);2026-02-23;buff163;40,61;2026-04-06;buff163;45,96;1,63;4,02;;false
M4A4 | Desolate Space (Field-Tested);2026-03-01;csmoney;190,40;2026-03-14;csmoney;232,00;15,76;8,28;;false
Galil AR | The Prince (Minimal Wear);2026-03-15;csfloat;52,37;2026-03-24;csfloat;60,69;3,19;6,10;;false
Nova | Dragon Lore (Minimal Wear);2026-01-12;csmoney;72,04;2026-01-24;csmoney;82,75;1,18;1,64;;false
AWP | Marble Fade (Factory New);2026-01-09;csfloat;269,58;2026-02-15;csfloat;319,30;23,18;8,60;;false
USP-S | Candy Apple (Minimal Wear);2026-03-03;csfloat;220,50;2026-04-18;csfloat;254,36;12,28;5,57;;false
AUG | Dune (Battle-Scarred);2026-03-26;dmarket;53,55;2026-04-02;dmarket;63,68;2,96;5,52;;false
PP-Bizon | Fuel Injector (Battle-Scarred);2026-04-16;csfloat;46,48;2026-05-01;csfloat;55,03;3,98;8,56;;false
AUG | Case Hardened (Battle-Scarred);2025-12-30;dmarket;90,66;2026-01-23;dmarket;104,75;2,06;2,28;;false
PP-Bizon | Redline (Factory New);2026-01-09;skinswap;72,30;2026-02-26;skinswap;87,04;4,98;6,88;;false
M4A1-S | Moss Quartz (Field-Tested);2025-12-17;buff163;276,57;2026-01-11;buff163;321,50;19,42;7,02;;false
Sawed-Off | Wildfire (Factory New);2026-02-19;csmoney;50,78;2026-04-04;csmoney;62,03;4,34;8,55;;false
AK-47 | Cyrex (Minimal Wear);2025-11-26;csfloat;128,83;2026-01-20;csfloat;145,61;4,23;3,29;;false
PP-Bizon | Omega (Battle-Scarred);2026-04-06;csfloat;59,69;2026-05-03;csfloat;69,02;3,48;5,83;;false
MP5-SD | Howl (Factory New);2026-01-20;csmoney;62,17;2026-02-11;csmoney;73,70;3,19;5,13;;false
SG 553 | Wildfire (Field-Tested);2025-12-26;csfloat;173,06;2026-01-09;csfloat;199,88;9,89;5,71;;false
AWP | Vulcan (Field-Tested);2025-12-06;csmoney;157,99;2026-01-08;csmoney;186,71;7,58;4,80;;false
SG 553 | Asiimov (Battle-Scarred);2026-01-23;csfloat;52,43;2026-02-25;csfloat;62,25;4,65;8,88;;false
Glock-18 | Medusa (Minimal Wear);2026-02-06;csmoney;34,32;2026-03-02;csmoney;41,33;2,38;6,92;;false
MP5-SD | Neon Rider (Battle-Scarred);2026-02-13;dmarket;20,17;2026-03-01;dmarket;24,16;1,27;6,29;;false
AWP | Aquamarine Revenge (Minimal Wear);2026-04-09;buff163;39,42;2026-04-22;buff163;46,40;3,34;8,48;;false
Desert Eagle | Crimson Web (Minimal Wear);2026-01-15;csfloat;101,64;2026-02-20;csfloat;114,15;2,63;2,59;;false
CZ75-Auto | Candy Apple (Field-Tested);2026-02-09;csfloat;32,74;2026-02-23;csfloat;38,55;2,59;7,91;;false
USP-S | Moss Quartz (Factory New);2026-03-01;buff163;45,30;2026-03-29;buff163;53,45;3,96;8,73;;false
P2000 | Tourmaline (Minimal Wear);2025-11-25;csmoney;78,03;2026-01-11;csmoney;94,51;5,91;7,58;;false
USP-S | Amber Fade (Field-Tested);2026-02-19;csfloat;223,58;2026-03-26;csfloat;248,94;3,67;1,64;;false
AK-47 | Frontside Misty (Minimal Wear);2025-12-20;buff163;51,17;2026-01-31;buff163;59,45;3,56;6,95;;false
M4A4 | Tourmaline (Well-Worn);2026-04-02;dmarket;268,30;2026-04-29;dmarket;320,96;16,55;6,17;;false
AWP | Orion (Well-Worn);2025-12-26;buff163;61,78;2026-01-21;buff163;72,43;4,94;8,00;;false
MAC-10 | Frontside Misty (Factory New);2026-04-22;csmoney;72,99;2026-04-30;csmoney;86,09;3,34;4,58;;false
FAMAS | Orion (Field-Tested);2026-02-21;csfloat;70,64;2026-04-19;csfloat;82,15;4,58;6,48;;false
FAMAS | Boreal Forest (Field-Tested);2026-01-17;csfloat;190,68;2026-03-17;csfloat;222,32;12,94;6,79;;false
MAG-7 | Asiimov (Minimal Wear);2026-01-27;dmarket;39,48;2026-03-23;dmarket;48,41;3,56;9,01;;false
SG 553 | Neo-Noir (Well-Worn);2026-02-01;csfloat;290,28;2026-03-03;csfloat;334,61;15,93;5,49;;false
FAMAS | Dragon Lore (Well-Worn);2025-12-25;buff163;13,73;2026-01-27;buff163;15,78;0,78;5,71;;false
Desert Eagle | Dragon Lore (Factory New);2026-02-25;dmarket;261,90;2026-04-16;dmarket;314,62;17,40;6,64;;false
PP-Bizon | Poseidon (Minimal Wear);2025-12-31;buff163;40,25;2026-02-08;buff163;46,27;2,32;5,77;;false
CZ75-Auto | Printstream (Factory New);2026-04-23;skinswap;69,69;2026-05-01;skinswap;85,70;6,52;9,36;;false
USP-S | Lore (Factory New);2026-02-05;dmarket;235,71;2026-02-17;dmarket;275,90;8,76;3,72;;false
MAC-10 | Desolate Space (Well-Worn);2025-11-28;buff163;19,32;2026-01-15;buff163;22,68;1,57;8,12;;false
USP-S | Slaughter (Field-Tested);2026-03-07;buff163;110,86;2026-04-27;buff163;130,64;9,53;8,60;;false
FAMAS | Candy Apple (Field-Tested);2026-03-30;skinswap;34,46;2026-04-29;skinswap;40,57;1,50;4,37;;false
AK-47 | Gamma Doppler (Factory New);2025-12-21;buff163;150,54;2026-02-14;buff163;175,48;11,05;7,34;;false
Tec-9 | Orion (Factory New);2026-01-12;buff163;57,20;2026-02-24;buff163;63,66;1,23;2,14;;false
MP5-SD | Howl (Battle-Scarred);2026-03-06;buff163;23,70;2026-03-24;buff163;27,91;2,02;8,53;;false
AWP | Sunset Storm (Minimal Wear);2025-12-05;buff163;73,90;2026-01-24;buff163;85,65;4,94;6,69;;false
MAG-7 | Howl (Factory New);2026-01-06;csfloat;34,57;2026-03-07;csfloat;39,12;1,17;3,39;;false
P90 | Medusa (Well-Worn);2025-12-28;csmoney;17,74;2026-01-25;csmoney;20,80;0,70;3,94;;false
USP-S | Autotronic (Minimal Wear);2026-03-26;buff163;191,18;2026-04-09;buff163;217,39;8,65;4,53;;false
★ Bayonet | Crimson Web (Minimal Wear);2026-04-02;buff163;989,17;2026-04-28;buff163;1159,94;79,39;8,03;;false
M4A1-S | Neo-Noir (Factory New);2026-01-23;dmarket;245,66;2026-02-15;dmarket;291,33;12,73;5,18;;false
Desert Eagle | Blue Gem (Factory New);2025-12-20;csmoney;51,43;2026-01-22;csmoney;62,18;3,79;7,38;;false
Glock-18 | Vulcan (Well-Worn);2026-04-23;csfloat;55,73;2026-05-05;csfloat;64,38;3,20;5,75;;false
Glock-18 | Blue Gem (Minimal Wear);2026-03-23;buff163;10,02;2026-05-02;buff163;11,45;0,51;5,04;;false
M4A4 | Neo-Noir (Well-Worn);2025-11-16;csfloat;199,32;2026-01-13;csfloat;235,13;16,20;8,13;;false
USP-S | Rust Coat (Minimal Wear);2025-12-20;buff163;192,58;2026-01-23;buff163;226,94;16,56;8,60;;false
AWP | Desolate Space (Minimal Wear);2026-03-28;skinswap;14,41;2026-04-16;skinswap;17,38;1,02;7,09;;false
P2000 | Medusa (Well-Worn);2026-03-01;csfloat;22,48;2026-04-08;csfloat;25,96;1,27;5,64;;false
Sawed-Off | Decimator (Well-Worn);2026-02-10;csfloat;10,26;2026-02-23;csfloat;12,15;0,87;8,49;;false
AUG | Phosphor (Well-Worn);2025-12-05;csfloat;105,58;2026-01-12;csfloat;123,89;7,93;7,51;;false
P250 | The Prince (Field-Tested);2026-03-08;csmoney;53,99;2026-04-29;csmoney;64,26;3,02;5,59;;false
P90 | Hyper Beast (Minimal Wear);2026-02-19;dmarket;62,25;2026-04-11;dmarket;73,40;2,83;4,54;;false
MP9 | Tourmaline (Well-Worn);2026-01-21;csfloat;75,33;2026-02-06;csfloat;86,00;3,32;4,41;;false
CZ75-Auto | Wildfire (Field-Tested);2026-01-11;csfloat;10,86;2026-03-07;csfloat;12,83;0,90;8,31;;false
MAC-10 | Cyrex (Field-Tested);2026-03-31;buff163;59,67;2026-04-12;buff163;69,23;4,06;6,81;;false
M4A4 | Blue Gem (Factory New);2026-02-04;csfloat;68,22;2026-03-09;csfloat;76,71;1,86;2,73;;false
Tec-9 | Howl (Field-Tested);2026-03-26;buff163;62,88;2026-04-22;buff163;72,83;4,15;6,60;;false
Glock-18 | Asiimov (Well-Worn);2026-02-19;buff163;78,10;2026-03-24;buff163;89,33;4,04;5,17;;false
★ Flip Knife | Case Hardened (Minimal Wear);2025-12-24;csfloat;772,43;2026-02-13;csfloat;914,16;65,68;8,50;;false
FAMAS | Desolate Space (Well-Worn);2025-12-11;csfloat;13,59;2026-01-15;csfloat;16,20;1,26;9,25;;false
Desert Eagle | Aquamarine Revenge (Factory New);2026-03-15;dmarket;217,56;2026-04-09;dmarket;260,96;14,08;6,47;;false
AUG | Neon Rider (Field-Tested);2025-12-08;csmoney;61,25;2026-01-29;csmoney;72,53;3,07;5,02;;false
AUG | Tiger Tooth (Field-Tested);2026-03-02;buff163;130,96;2026-04-17;buff163;152,95;9,91;7,57;;false
UMP-45 | Aquamarine Revenge (Field-Tested);2026-03-27;dmarket;66,53;2026-05-07;dmarket;79,68;4,19;6,30;;false
AUG | Cyrex (Field-Tested);2025-12-18;csmoney;28,27;2026-01-10;csmoney;33,54;1,48;5,25;;false
SSG 08 | Phosphor (Minimal Wear);2026-01-23;csfloat;226,31;2026-02-23;csfloat;255,87;7,52;3,32;;false
UMP-45 | Poseidon (Well-Worn);2026-02-14;csmoney;65,16;2026-03-14;csmoney;78,04;4,11;6,30;;false
FAMAS | Medusa (Field-Tested);2026-02-14;buff163;52,50;2026-03-01;buff163;61,25;3,91;7,45;;false
MP5-SD | Stained (Field-Tested);2026-01-29;youpin;65,75;2026-02-03;youpin;73,68;2,64;4,02;;false
Nova | Stained (Field-Tested);2026-02-14;csfloat;27,17;2026-03-23;csfloat;31,73;1,89;6,96;;false
P90 | Neon Rider (Well-Worn);2026-01-10;csmoney;18,08;2026-02-24;csmoney;21,73;1,21;6,72;;false
PP-Bizon | Candy Apple (Minimal Wear);2026-01-29;dmarket;24,83;2026-02-05;dmarket;30,82;2,59;10,43;;false
Galil AR | Safari Mesh (Field-Tested);2026-03-04;csfloat;212,47;2026-03-21;csfloat;246,43;13,14;6,19;;false
AWP | Dune (Well-Worn);2026-02-22;csmoney;229,06;2026-03-19;csmoney;279,87;19,69;8,60;;false
XM1014 | Dune (Well-Worn);2026-03-13;csfloat;24,14;2026-05-02;csfloat;27,92;1,42;5,88;;false
Sawed-Off | The Prince (Minimal Wear);2026-03-04;csfloat;54,01;2026-04-29;csfloat;63,19;3,88;7,18;;false
M4A4 | Amber Fade (Minimal Wear);2025-12-21;csfloat;33,09;2026-01-29;csfloat;39,47;3,12;9,42;;false
MP7 | Omega (Minimal Wear);2026-03-21;csfloat;10,92;2026-03-28;csfloat;12,64;0,66;6,00;;false
SG 553 | Dragon Lore (Well-Worn);2026-02-27;buff163;43,11;2026-03-06;buff163;50,54;3,44;7,98;;false
Desert Eagle | Cyrex (Well-Worn);2026-01-03;buff163;21,61;2026-01-29;buff163;22,16;-1,40;-6,47;;false
M4A1-S | Amber Fade (Field-Tested);2026-03-15;csfloat;274,39;2026-04-12;csfloat;321,36;20,02;7,30;;false
MP7 | Howl (Battle-Scarred);2026-01-22;youpin;39,35;2026-02-25;youpin;44,80;2,27;5,76;;false
M4A1-S | Boreal Forest (Field-Tested);2026-02-09;csfloat;88,45;2026-04-03;csfloat;102,52;5,42;6,12;;false
SG 553 | Vulcan (Minimal Wear);2025-12-22;buff163;29,62;2026-02-11;buff163;34,68;2,33;7,87;;false
MAC-10 | Neon Rider (Minimal Wear);2026-03-11;csfloat;69,23;2026-04-29;csfloat;73,82;-2,06;-2,98;;false
MP9 | Cyrex (Field-Tested);2025-12-24;buff163;42,19;2026-02-12;buff163;48,00;1,93;4,59;;false
Nova | Neo-Noir (Minimal Wear);2026-03-14;csmoney;32,27;2026-04-29;csmoney;39,25;2,61;8,09;;false
MP5-SD | Desolate Space (Field-Tested);2026-01-20;csfloat;72,04;2026-03-19;csfloat;83,87;4,75;6,59;;false
Galil AR | Cyrex (Field-Tested);2026-02-23;youpin;65,04;2026-03-03;youpin;73,58;3,31;5,09;;false
MAC-10 | Aquamarine Revenge (Minimal Wear);2026-03-09;csfloat;33,77;2026-04-13;csfloat;39,57;2,49;7,38;;false
Desert Eagle | Dune (Battle-Scarred);2026-02-19;buff163;25,04;2026-03-16;buff163;29,89;2,53;10,09;;false
Glock-18 | Sunset Storm (Minimal Wear);2026-04-08;skinswap;280,68;2026-05-05;skinswap;331,20;12,96;4,62;;false
Sawed-Off | The Prince (Minimal Wear);2025-11-25;dmarket;35,21;2026-01-07;dmarket;42,78;2,79;7,94;;false
SSG 08 | Fade (Minimal Wear);2026-02-24;buff163;191,34;2026-03-24;buff163;212,74;3,90;2,04;;false
P90 | Candy Apple (Field-Tested);2026-01-29;buff163;15,62;2026-03-26;buff163;17,22;0,17;1,10;;false
Sawed-Off | Candy Apple (Well-Worn);2025-12-28;csfloat;53,23;2026-01-22;csfloat;56,16;-2,18;-4,10;;false
Tec-9 | Moss Quartz (Field-Tested);2026-02-02;csfloat;19,01;2026-03-10;csfloat;21,91;1,04;5,48;;false
Desert Eagle | Candy Apple (Field-Tested);2026-01-11;skinswap;107,37;2026-02-04;skinswap;115,36;-5,81;-5,42;;false
★ Falchion Knife | Rust Coat (Factory New);2026-01-27;csfloat;756,28;2026-02-06;csfloat;878,79;48,37;6,40;;false
Desert Eagle | Slaughter (Field-Tested);2026-03-20;csfloat;126,31;2026-03-30;csfloat;148,17;9,45;7,48;;false
Desert Eagle | Poseidon (Minimal Wear);2026-03-06;skinswap;56,69;2026-04-16;skinswap;67,06;2,76;4,87;;false
MAC-10 | Fuel Injector (Factory New);2025-11-11;skinswap;74,19;2026-01-09;skinswap;91,11;6,81;9,18;;false
CZ75-Auto | Stained (Battle-Scarred);2025-11-28;dmarket;55,80;2026-01-24;dmarket;64,53;1,33;2,39;;false
Sawed-Off | Frontside Misty (Minimal Wear);2026-03-10;buff163;28,75;2026-04-08;buff163;32,83;1,44;5,01;;false
FAMAS | Amber Fade (Field-Tested);2026-01-16;buff163;51,27;2026-01-28;buff163;58,74;2,76;5,39;;false
Desert Eagle | Poseidon (Battle-Scarred);2025-12-28;csmoney;51,74;2026-01-31;csmoney;59,42;0,84;1,62;;false
MP5-SD | Stained (Field-Tested);2026-01-10;buff163;33,70;2026-02-12;buff163;39,71;2,90;8,61;;false
M4A1-S | Colonnade (Field-Tested);2026-03-05;csfloat;48,93;2026-04-21;csfloat;55,45;1,75;3,58;;false
PP-Bizon | Desolate Space (Minimal Wear);2026-01-11;skinswap;10,24;2026-02-23;skinswap;12,74;1,10;10,71;;false
★ Flip Knife | Autotronic (Minimal Wear);2026-02-07;csfloat;529,93;2026-03-18;csfloat;626,41;44,31;8,36;;false
MP7 | Phosphor (Battle-Scarred);2026-02-02;csfloat;62,92;2026-03-20;csfloat;74,24;5,13;8,15;;false
SSG 08 | Blue Gem (Minimal Wear);2026-03-30;youpin;52,08;2026-04-24;youpin;57,28;1,01;1,94;;false
P250 | The Prince (Minimal Wear);2025-12-20;csfloat;62,18;2026-01-25;csfloat;64,51;-3,61;-5,81;;false
AUG | Orion (Factory New);2026-02-18;skinswap;40,88;2026-04-06;skinswap;50,82;4,34;10,62;;false
USP-S | Amber Fade (Minimal Wear);2026-03-19;csfloat;25,58;2026-04-16;csfloat;30,43;2,33;9,12;;false
AWP | Medusa (Minimal Wear);2026-01-04;csfloat;57,19;2026-01-23;csfloat;65,55;2,77;4,85;;false
Tec-9 | Sunset Storm (Minimal Wear);2026-01-11;csfloat;16,96;2026-02-09;csfloat;19,57;0,96;5,64;;false
M4A4 | Gamma Doppler (Minimal Wear);2025-12-30;csfloat;159,92;2026-01-14;csfloat;181,45;5,93;3,71;;false
M4A4 | Rust Coat (Field-Tested);2026-04-23;csfloat;189,45;2026-05-06;csfloat;223,78;15,69;8,28;;false
Glock-18 | Tourmaline (Minimal Wear);2026-03-15;csfloat;77,59;2026-05-03;csfloat;88,38;3,21;4,14;;false
Glock-18 | Tourmaline (Minimal Wear);2026-03-01;dmarket;18,69;2026-04-06;dmarket;22,81;1,58;8,45;;false
Tec-9 | Hyper Beast (Field-Tested);2025-12-02;csfloat;21,90;2026-01-30;csfloat;25,76;1,70;7,75;;false
USP-S | Decimator (Well-Worn);2025-11-19;csfloat;12,43;2026-01-14;csfloat;14,90;1,24;9,94;;false
AWP | Redline (Minimal Wear);2026-01-04;csfloat;13,56;2026-02-11;csfloat;15,26;0,39;2,85;;false
M4A4 | Phosphor (Factory New);2025-11-26;csmoney;74,77;2026-01-04;csmoney;89,84;5,00;6,68;;false
AUG | Amber Fade (Battle-Scarred);2025-12-26;buff163;42,75;2026-02-13;buff163;49,28;2,59;6,06;;false
MP7 | Phosphor (Minimal Wear);2025-11-14;buff163;71,66;2026-01-13;buff163;82,31;4,05;5,65;;false
Galil AR | Hot Rod (Factory New);2026-03-08;csfloat;36,91;2026-05-05;csfloat;43,50;2,96;8,01;;false
MP7 | Amber Fade (Factory New);2026-03-08;csfloat;32,76;2026-04-08;csfloat;39,32;3,32;10,14;;false
AK-47 | Tourmaline (Field-Tested);2026-03-22;buff163;75,84;2026-04-14;buff163;84,81;2,03;2,68;;false
MP5-SD | Howl (Field-Tested);2026-03-05;buff163;58,11;2026-04-30;buff163;66,71;3,25;5,59;;false
MP5-SD | Boreal Forest (Minimal Wear);2025-11-20;buff163;53,98;2026-01-11;buff163;63,05;4,08;7,57;;false
MAG-7 | The Prince (Factory New);2025-12-14;buff163;63,81;2026-01-30;buff163;73,66;3,98;6,23;;false
Nova | Sunset Storm (Well-Worn);2026-02-05;skinswap;24,03;2026-03-03;skinswap;28,12;0,88;3,67;;false
AWP | Boreal Forest (Well-Worn);2025-11-19;csmoney;36,93;2026-01-11;csmoney;45,11;3,16;8,56;;false
MP5-SD | Decimator (Factory New);2025-12-30;csmoney;63,80;2026-01-16;csmoney;76,73;4,33;6,79;;false
MP9 | Asiimov (Minimal Wear);2025-12-29;csfloat;25,39;2026-02-18;csfloat;29,52;1,64;6,48;;false
XM1014 | Printstream (Well-Worn);2026-01-28;buff163;65,51;2026-02-06;buff163;75,70;4,16;6,35;;false
MP7 | Hyper Beast (Field-Tested);2026-01-18;csfloat;16,66;2026-03-08;csfloat;19,87;1,58;9,48;;false
Glock-18 | Hot Rod (Field-Tested);2026-02-11;buff163;203,52;2026-02-21;buff163;235,26;12,98;6,38;;false
CZ75-Auto | Printstream (Field-Tested);2026-03-21;dmarket;20,61;2026-04-19;dmarket;24,77;1,39;6,73;;false
★ Flip Knife | Tiger Tooth (Minimal Wear);2026-02-08;csfloat;963,28;2026-04-09;csfloat;1130,52;72,59;7,54;;false
USP-S | Damascus Steel (Field-Tested);2026-03-01;buff163;111,70;2026-03-08;buff163;130,96;8,94;8,01;;false
MAC-10 | Neon Rider (Well-Worn);2025-12-25;csmoney;57,53;2026-02-13;csmoney;68,04;2,82;4,89;;false
USP-S | Colonnade (Minimal Wear);2025-12-26;buff163;54,82;2026-01-21;buff163;63,55;3,69;6,72;;false
M4A4 | Lore (Field-Tested);2025-12-29;buff163;116,91;2026-01-25;buff163;136,40;8,70;7,44;;false
MP9 | Howl (Factory New);2025-12-22;csfloat;73,82;2026-02-04;csfloat;85,57;4,52;6,13;;false
★ Butterfly Knife | Autotronic (Minimal Wear);2026-02-21;dmarket;931,66;2026-03-06;dmarket;1134,98;76,90;8,25;;false
Glock-18 | Vulcan (Minimal Wear);2025-12-29;csfloat;17,38;2026-01-26;csfloat;19,99;0,91;5,26;;false
Sawed-Off | Howl (Factory New);2026-04-17;csmoney;44,30;2026-04-30;csmoney;54,62;4,28;9,66;;false
Five-SeveN | Boreal Forest (Field-Tested);2026-03-07;buff163;70,90;2026-03-13;buff163;81,50;4,07;5,75;;false
USP-S | Fuel Injector (Well-Worn);2025-12-26;buff163;177,49;2026-02-11;buff163;201,45;7,66;4,32;;false
FAMAS | Sunset Storm (Field-Tested);2026-03-22;csfloat;76,46;2026-04-07;csfloat;87,33;3,40;4,44;;false
★ Bayonet | Case Hardened (Factory New);2026-01-06;csfloat;529,56;2026-01-14;csfloat;619,11;37,56;7,09;;false
MP7 | Dragon Lore (Well-Worn);2026-01-23;buff163;10,46;2026-03-05;buff163;12,26;0,85;8,12;;false
★ Falchion Knife | Autotronic (Minimal Wear);2025-12-15;skinswap;860,95;2026-02-09;skinswap;1037,17;59,97;6,97;;false
USP-S | Dune (Factory New);2026-02-05;buff163;263,59;2026-02-17;buff163;306,38;18,48;7,01;;false
MP5-SD | Dune (Minimal Wear);2026-01-09;buff163;33,38;2026-01-26;buff163;39,24;2,78;8,34;;false
★ Shadow Daggers | Autotronic (Factory New);2026-04-04;skinswap;1583,31;2026-04-21;skinswap;1821,47;28,68;1,81;;false
Five-SeveN | Neon Rider (Field-Tested);2026-01-30;csmoney;24,82;2026-02-22;csmoney;29,66;1,50;6,06;;false
Galil AR | Howl (Minimal Wear);2026-04-22;buff163;31,13;2026-05-08;buff163;35,95;1,96;6,28;;false
SSG 08 | Fuel Injector (Field-Tested);2025-12-01;buff163;190,95;2026-01-14;buff163;225,03;16,42;8,60;;false
MAG-7 | The Prince (Factory New);2026-01-22;csfloat;37,75;2026-02-28;csfloat;44,36;2,90;7,69;;false
P2000 | Dune (Well-Worn);2026-02-21;skinswap;25,41;2026-03-28;skinswap;28,40;-0,33;-1,31;;false
SG 553 | Poseidon (Minimal Wear);2026-02-06;csmoney;25,00;2026-04-03;csmoney;30,76;2,35;9,42;;false
SG 553 | Redline (Factory New);2025-12-14;csfloat;40,66;2026-02-08;csfloat;45,17;0,56;1,37;;false
SG 553 | The Prince (Field-Tested);2026-04-09;skinswap;199,21;2026-04-18;skinswap;237,73;11,74;5,89;;false
SG 553 | Amber Fade (Well-Worn);2026-01-19;csmoney;87,47;2026-02-16;csmoney;104,72;5,48;6,27;;false
Glock-18 | Howl (Battle-Scarred);2025-12-20;dmarket;14,60;2026-01-02;dmarket;17,60;1,03;7,07;;false
MP9 | Phosphor (Minimal Wear);2025-11-18;youpin;22,70;2026-01-04;youpin;25,99;1,46;6,44;;false
SG 553 | Phosphor (Field-Tested);2026-03-05;csfloat;23,02;2026-04-01;csfloat;26,71;1,44;6,26;;false
SG 553 | Autotronic (Field-Tested);2026-02-07;youpin;239,78;2026-03-10;youpin;275,54;16,47;6,87;;false
UMP-45 | Sunset Storm (Field-Tested);2026-02-10;buff163;53,24;2026-04-03;buff163;61,34;3,20;6,02;;false
Five-SeveN | Blue Gem (Minimal Wear);2026-01-16;csfloat;17,75;2026-02-10;csfloat;20,65;1,15;6,48;;false
P2000 | Safari Mesh (Minimal Wear);2026-02-27;buff163;47,39;2026-04-08;buff163;54,44;2,69;5,67;;false
Galil AR | Fade (Well-Worn);2026-03-25;csmoney;286,48;2026-04-18;csmoney;350,04;24,63;8,60;;false
M4A4 | Candy Apple (Factory New);2026-01-25;csfloat;53,78;2026-02-07;csfloat;61,61;2,58;4,80;;false
MP9 | Phosphor (Battle-Scarred);2026-01-24;skinswap;43,06;2026-02-08;skinswap;52,20;3,31;7,69;;false
★ Flip Knife | Gamma Doppler (Factory New);2026-04-26;buff163;384,26;2026-05-04;buff163;436,16;16,62;4,32;;false
MP7 | Printstream (Minimal Wear);2026-03-10;buff163;65,88;2026-04-24;buff163;74,42;2,49;3,78;;false
FAMAS | Tourmaline (Field-Tested);2026-03-18;dmarket;23,97;2026-04-27;dmarket;28,99;1,76;7,35;;false
PP-Bizon | Dune (Field-Tested);2026-02-18;dmarket;35,64;2026-03-16;dmarket;42,96;2,49;7,00;;false
M4A4 | Phosphor (Minimal Wear);2025-12-20;csfloat;293,27;2026-02-03;csfloat;339,47;17,49;5,96;;false
M4A1-S | Amber Fade (Well-Worn);2026-01-06;dmarket;102,89;2026-02-19;dmarket;121,77;5,11;4,96;;false
P2000 | Colonnade (Well-Worn);2026-03-23;csfloat;23,23;2026-04-17;csfloat;26,48;0,99;4,26;;false
USP-S | Neo-Noir (Field-Tested);2025-12-28;buff163;78,60;2026-01-03;buff163;90,59;4,75;6,04;;false
PP-Bizon | Hot Rod (Field-Tested);2026-04-03;dmarket;34,93;2026-05-09;dmarket;42,03;2,40;6,86;;false
P2000 | The Prince (Field-Tested);2026-03-01;csmoney;56,15;2026-04-30;csmoney;68,44;4,68;8,33;;false
PP-Bizon | Boreal Forest (Minimal Wear);2026-04-11;csfloat;76,13;2026-05-05;csfloat;89,68;6,06;7,96;;false
SG 553 | Blue Gem (Battle-Scarred);2026-03-27;csfloat;76,12;2026-05-09;csfloat;88,40;4,83;6,34;;false
PP-Bizon | Moss Quartz (Field-Tested);2026-01-16;skinswap;17,79;2026-02-20;skinswap;21,13;0,96;5,38;;false
FAMAS | Amber Fade (Factory New);2026-03-17;csfloat;65,18;2026-04-13;csfloat;75,31;3,75;5,75;;false
P90 | Redline (Minimal Wear);2026-03-09;buff163;52,93;2026-05-06;buff163;61,59;3,77;7,13;;false
MP5-SD | Blue Gem (Field-Tested);2025-12-16;csfloat;22,39;2026-01-13;csfloat;23,33;-1,20;-5,38;;false
AWP | Medusa (Field-Tested);2026-02-07;csfloat;225,17;2026-02-25;csfloat;259,45;12,25;5,44;;false
P250 | Medusa (Minimal Wear);2026-02-26;csfloat;62,06;2026-03-31;csfloat;72,70;4,55;7,33;;false
P250 | Poseidon (Field-Tested);2026-03-26;csfloat;14,70;2026-04-27;csfloat;16,79;0,66;4,46;;false
★ Navaja Knife | Tiger Tooth (Field-Tested);2026-03-18;dmarket;343,53;2026-04-03;dmarket;419,14;28,97;8,43;;false
CZ75-Auto | Dragon Lore (Well-Worn);2026-02-20;csmoney;64,12;2026-03-09;csmoney;78,29;5,46;8,52;;false
USP-S | Frontside Misty (Field-Tested);2026-03-06;csfloat;205,05;2026-03-27;csfloat;238,09;12,94;6,31;;false
Five-SeveN | Medusa (Field-Tested);2026-03-24;buff163;46,26;2026-04-11;buff163;54,29;3,75;8,11;;false
M4A1-S | Desolate Space (Factory New);2026-03-20;csfloat;24,30;2026-05-02;csfloat;27,61;0,95;3,89;;false
P250 | Redline (Field-Tested);2026-02-27;csmoney;25,78;2026-03-08;csmoney;31,38;2,11;8,17;;false
P90 | Redline (Minimal Wear);2026-03-26;skinswap;56,23;2026-05-04;skinswap;69,43;5,52;9,82;;false
M4A1-S | Stained (Factory New);2026-03-23;skinswap;205,77;2026-04-27;skinswap;246,39;12,92;6,28;;false
Glock-18 | Gamma Doppler (Minimal Wear);2026-03-17;buff163;141,68;2026-04-15;buff163;159,57;4,91;3,47;;false
P250 | Candy Apple (Field-Tested);2026-04-24;csfloat;48,19;2026-04-30;csfloat;56,96;4,03;8,36;;false
SSG 08 | Cyrex (Battle-Scarred);2025-12-10;dmarket;98,56;2026-01-21;dmarket;117,64;5,81;5,90;;false
MAG-7 | Tourmaline (Field-Tested);2026-02-12;buff163;15,56;2026-03-14;buff163;17,72;0,73;4,70;;false
FAMAS | Dune (Battle-Scarred);2026-03-25;buff163;149,03;2026-05-07;buff163;167,83;5,13;3,44;;false
M4A1-S | Fuel Injector (Field-Tested);2025-11-22;dmarket;27,81;2026-01-19;dmarket;33,55;1,98;7,11;;false
★ Flip Knife | Damascus Steel (Field-Tested);2025-12-03;buff163;409,51;2026-01-30;buff163;422,89;-23,60;-5,76;;false
M4A1-S | Stained (Field-Tested);2026-03-27;buff163;69,14;2026-04-30;buff163;78,36;2,88;4,17;;false
AUG | Orion (Well-Worn);2025-12-01;buff163;77,77;2026-01-17;buff163;88,47;3,56;4,57;;false
AWP | Boreal Forest (Factory New);2026-01-29;csmoney;52,52;2026-02-18;csmoney;56,95;-2,34;-4,46;;false
UMP-45 | Frontside Misty (Field-Tested);2026-03-08;buff163;21,43;2026-04-06;buff163;22,34;-1,02;-4,76;;false
MP9 | Moss Quartz (Minimal Wear);2026-02-10;csfloat;42,85;2026-02-22;csfloat;50,74;3,67;8,55;;false
FAMAS | Decimator (Battle-Scarred);2026-01-16;csfloat;41,89;2026-02-26;csfloat;48,89;2,89;6,90;;false
XM1014 | Moss Quartz (Field-Tested);2026-02-04;csmoney;63,99;2026-04-02;csmoney;73,27;0,83;1,29;;false
XM1014 | Orion (Minimal Wear);2026-03-10;buff163;69,08;2026-05-07;buff163;80,45;4,99;7,22;;false
MAC-10 | Poseidon (Minimal Wear);2025-12-17;csfloat;19,59;2026-01-01;csfloat;20,24;-1,23;-6,25;;false
P250 | Moss Quartz (Minimal Wear);2026-01-18;csfloat;10,07;2026-02-15;csfloat;11,73;0,67;6,62;;false
Galil AR | Lore (Minimal Wear);2025-12-05;csfloat;54,69;2026-01-30;csfloat;64,19;4,13;7,55;;false
Glock-18 | Tourmaline (Minimal Wear);2026-02-18;dmarket;137,35;2026-03-06;dmarket;162,14;6,42;4,67;;false
SG 553 | Aquamarine Revenge (Field-Tested);2026-01-17;youpin;139,07;2026-02-17;youpin;141,93;-8,25;-5,94;;false
Glock-18 | Fuel Injector (Battle-Scarred);2026-03-10;buff163;231,97;2026-05-03;buff163;256,42;3,26;1,40;;false
★ Falchion Knife | Crimson Web (Factory New);2025-11-22;csfloat;795,52;2026-01-01;csfloat;919,91;46,50;5,84;;false
XM1014 | Orion (Battle-Scarred);2026-04-08;csmoney;29,26;2026-05-01;csmoney;35,25;2,04;6,98;;false
Glock-18 | Redline (Field-Tested);2026-01-10;youpin;51,55;2026-03-01;youpin;56,87;1,17;2,27;;false
★ Bayonet | Crimson Web (Minimal Wear);2026-03-31;csfloat;1565,13;2026-04-21;csfloat;1828,05;109,32;6,98;;false
AWP | Blue Gem (Battle-Scarred);2026-01-04;csfloat;283,36;2026-02-05;csfloat;327,73;16,63;5,87;;false
SG 553 | Amber Fade (Field-Tested);2026-01-20;buff163;22,79;2026-02-10;buff163;26,42;1,53;6,70;;false
SG 553 | Colonnade (Battle-Scarred);2025-12-16;csfloat;18,31;2026-01-06;csfloat;21,24;1,14;6,22;;false
MP9 | Colonnade (Minimal Wear);2026-03-25;buff163;61,59;2026-04-01;buff163;73,52;6,21;10,09;;false
MAG-7 | The Prince (Field-Tested);2026-01-17;csfloat;73,42;2026-02-07;csfloat;86,66;6,01;8,18;;false
M4A1-S | Sunset Storm (Field-Tested);2026-01-20;csfloat;177,51;2026-03-21;csfloat;199,09;4,32;2,43;;false
MAC-10 | Hyper Beast (Field-Tested);2026-03-20;dmarket;26,84;2026-04-29;dmarket;31,99;1,54;5,73;;false
AUG | The Prince (Well-Worn);2025-12-04;csfloat;135,04;2026-02-01;csfloat;158,38;10,08;7,47;;false
AK-47 | Vulcan (Factory New);2026-03-22;csfloat;25,30;2026-04-13;csfloat;29,59;1,82;7,18;;false
★ Bayonet | Crimson Web (Field-Tested);2026-01-06;buff163;731,61;2026-03-02;buff163;837,01;38,13;5,21;;false
USP-S | Asiimov (Factory New);2026-01-21;youpin;64,75;2026-02-23;youpin;72,06;2,11;3,25;;false
MP7 | Sunset Storm (Field-Tested);2026-01-06;csmoney;78,59;2026-01-31;csmoney;90,17;1,19;1,52;;false
M4A1-S | Cyrex (Well-Worn);2026-03-28;csmoney;117,17;2026-05-02;csmoney;138,49;5,63;4,81;;false
USP-S | Neon Rider (Factory New);2026-01-06;csfloat;19,24;2026-02-27;csfloat;22,16;1,04;5,42;;false
SSG 08 | Blue Gem (Field-Tested);2026-02-27;csmoney;182,69;2026-03-20;csmoney;197,84;-8,42;-4,61;;false
★ Bayonet | Rust Coat (Minimal Wear);2026-03-22;csfloat;1862,27;2026-05-06;csfloat;2083,89;40,67;2,18;;false
★ Butterfly Knife | Fade (Factory New);2026-04-11;csfloat;846,62;2026-04-30;csfloat;983,82;54,21;6,40;;false
FAMAS | Dragon Lore (Field-Tested);2025-12-28;buff163;13,70;2026-02-16;buff163;15,63;0,67;4,86;;false
USP-S | Candy Apple (Factory New);2025-12-03;buff163;10,49;2026-01-29;buff163;12,11;0,66;6,25;;false
FAMAS | Wildfire (Well-Worn);2026-02-25;csmoney;62,90;2026-04-21;csmoney;76,29;4,88;7,76;;false
P2000 | Wildfire (Battle-Scarred);2026-02-05;csfloat;11,57;2026-03-05;csfloat;12,44;-0,26;-2,23;;false
Galil AR | Stained (Factory New);2026-01-23;buff163;19,75;2026-02-17;buff163;21,97;0,42;2,12;;false
SSG 08 | Fuel Injector (Well-Worn);2025-12-31;buff163;138,22;2026-02-20;buff163;162,06;11,06;8,00;;false
XM1014 | Sunset Storm (Field-Tested);2026-03-06;buff163;28,01;2026-03-19;buff163;30,03;-0,53;-1,88;;false
AWP | Omega (Minimal Wear);2026-03-10;buff163;290,72;2026-04-07;buff163;339,76;22,19;7,63;;false
Desert Eagle | Fuel Injector (Well-Worn);2026-02-25;skinswap;20,53;2026-04-04;skinswap;24,53;1,24;6,02;;false
Galil AR | Moss Quartz (Factory New);2025-12-27;csfloat;141,99;2026-01-02;csfloat;166,84;10,89;7,67;;false
XM1014 | Cyrex (Factory New);2026-03-05;csfloat;53,68;2026-04-26;csfloat;59,85;0,96;1,78;;false
M4A4 | Dragon Lore (Field-Tested);2025-12-19;csfloat;15,92;2026-01-16;csfloat;18,85;1,36;8,57;;false
USP-S | Desolate Space (Minimal Wear);2026-01-18;youpin;118,68;2026-01-30;youpin;133,31;5,08;4,28;;false
Galil AR | Slaughter (Well-Worn);2026-01-30;skinswap;135,07;2026-02-20;skinswap;148,76;-3,85;-2,85;;false
UMP-45 | Orion (Minimal Wear);2026-02-19;buff163;69,98;2026-04-03;buff163;78,73;2,33;3,33;;false
MP5-SD | Orion (Factory New);2025-12-31;csfloat;74,39;2026-01-29;csfloat;87,21;5,51;7,41;;false
Galil AR | Medusa (Field-Tested);2025-12-29;csfloat;211,81;2026-01-04;csfloat;240,05;7,60;3,59;;false
FAMAS | Neon Rider (Field-Tested);2026-02-27;csmoney;289,47;2026-04-25;csmoney;347,23;18,76;6,48;;false
Glock-18 | Neon Rider (Minimal Wear);2026-03-20;buff163;62,75;2026-03-30;buff163;69,30;0,82;1,30;;false
Desert Eagle | Decimator (Minimal Wear);2025-12-16;csfloat;41,01;2026-02-13;csfloat;48,55;3,49;8,52;;false
Sawed-Off | Medusa (Minimal Wear);2025-11-22;buff163;15,84;2026-01-07;buff163;16,86;-0,42;-2,65;;false
Desert Eagle | Amber Fade (Minimal Wear);2026-01-06;csfloat;104,48;2026-01-18;csfloat;118,29;3,63;3,48;;false
SSG 08 | Fuel Injector (Battle-Scarred);2026-01-12;dmarket;76,37;2026-02-19;dmarket;90,53;3,92;5,14;;false
Glock-18 | Amber Fade (Field-Tested);2026-02-18;csfloat;59,62;2026-04-19;csfloat;64,50;-0,88;-1,48;;false
★ Falchion Knife | Fade (Minimal Wear);2026-01-09;buff163;556,90;2026-02-20;buff163;645,08;36,85;6,62;;false
SG 553 | Sunset Storm (Factory New);2026-01-28;buff163;231,52;2026-02-04;buff163;266,94;14,10;6,09;;false
MP7 | Medusa (Field-Tested);2026-03-06;dmarket;59,51;2026-04-04;dmarket;71,40;3,87;6,50;;false
MP7 | Aquamarine Revenge (Field-Tested);2026-01-30;csfloat;56,68;2026-03-11;csfloat;64,09;1,88;3,32;;false
M4A1-S | Blue Gem (Minimal Wear);2026-04-04;youpin;207,38;2026-05-05;youpin;238,24;14,15;6,83;;false
M4A1-S | Aquamarine Revenge (Field-Tested);2026-04-23;csfloat;250,82;2026-04-30;csfloat;295,02;19,54;7,79;;false
FAMAS | Rust Coat (Well-Worn);2026-03-12;buff163;193,40;2026-03-26;buff163;203,87;-7,06;-3,65;;false
AUG | Medusa (Field-Tested);2026-03-26;csfloat;72,88;2026-04-18;csfloat;87,63;7,54;10,35;;false
PP-Bizon | Safari Mesh (Well-Worn);2025-11-24;csfloat;33,20;2026-01-18;csfloat;39,80;3,32;10,00;;false
M4A1-S | Dune (Minimal Wear);2026-03-18;dmarket;47,61;2026-03-23;dmarket;56,87;2,85;5,98;;false
PP-Bizon | Colonnade (Field-Tested);2026-01-25;csmoney;26,42;2026-02-24;csmoney;30,39;0,48;1,83;;false
★ Shadow Daggers | Doppler (Minimal Wear);2026-03-23;csfloat;499,92;2026-04-16;csfloat;592,08;42,93;8,59;;false
MP7 | Tourmaline (Battle-Scarred);2025-12-31;dmarket;29,24;2026-02-24;dmarket;34,58;1,42;4,85;;false
★ Gut Knife | Rust Coat (Field-Tested);2026-04-03;csfloat;639,64;2026-04-22;csfloat;740,56;38,27;5,98;;false
AWP | Fade (Field-Tested);2025-12-26;csfloat;260,02;2026-01-21;csfloat;302,20;16,69;6,42;;false
M4A1-S | Lore (Factory New);2026-02-28;skinswap;55,40;2026-04-05;skinswap;68,09;5,14;9,27;;false
MP7 | Phosphor (Factory New);2026-02-19;csfloat;44,65;2026-04-03;csfloat;52,85;3,80;8,52;;false
Desert Eagle | Candy Apple (Battle-Scarred);2025-12-22;csfloat;49,69;2026-01-29;csfloat;51,76;-2,68;-5,39;;false
M4A4 | Dragon Lore (Minimal Wear);2026-04-02;csmoney;190,16;2026-04-30;csmoney;222,14;6,65;3,50;;false
★ Stiletto Knife | Fade (Field-Tested);2026-03-03;csmoney;385,97;2026-04-17;csmoney;459,58;21,76;5,64;;false
SSG 08 | Frontside Misty (Field-Tested);2026-04-26;csfloat;57,41;2026-05-07;csfloat;67,18;4,14;7,21;;false
M4A1-S | Boreal Forest (Field-Tested);2026-03-30;dmarket;17,08;2026-05-02;dmarket;20,40;1,02;5,98;;false
Sawed-Off | Vulcan (Factory New);2026-02-26;youpin;41,50;2026-03-29;youpin;48,42;3,58;8,62;;false
AWP | Marble Fade (Well-Worn);2026-02-24;buff163;89,20;2026-03-13;buff163;99,53;2,16;2,42;;false
AWP | Stained (Battle-Scarred);2025-11-12;buff163;119,70;2026-01-02;buff163;136,70;6,00;5,01;;false
M4A1-S | Autotronic (Field-Tested);2026-03-03;csmoney;222,66;2026-03-23;csmoney;268,19;15,48;6,95;;false
Nova | Omega (Factory New);2026-01-05;csfloat;76,54;2026-02-10;csfloat;90,34;6,26;8,17;;false
PP-Bizon | Printstream (Well-Worn);2026-04-06;dmarket;73,58;2026-04-16;dmarket;87,57;4,11;5,58;;false
SG 553 | Dragon Lore (Well-Worn);2025-12-26;csfloat;55,30;2026-01-12;csfloat;63,63;2,92;5,29;;false
MP9 | Tourmaline (Factory New);2026-04-22;buff163;13,67;2026-05-02;buff163;15,58;0,66;4,80;;false
FAMAS | Wildfire (Minimal Wear);2026-03-06;buff163;219,32;2026-04-19;buff163;258,45;18,86;8,60;;false
MP7 | Medusa (Factory New);2026-01-19;buff163;28,97;2026-02-09;buff163;32,86;1,24;4,27;;false
AK-47 | Case Hardened (Field-Tested);2026-01-04;csfloat;261,19;2026-02-10;csfloat;294,32;7,72;2,95;;false
FAMAS | Candy Apple (Minimal Wear);2026-04-06;csfloat;19,07;2026-04-20;csfloat;22,17;1,24;6,48;;false
MAG-7 | Vulcan (Minimal Wear);2026-01-19;skinswap;48,24;2026-02-19;skinswap;59,44;4,62;9,58;;false
SG 553 | Aquamarine Revenge (Field-Tested);2026-01-25;dmarket;280,21;2026-02-22;dmarket;331,20;13,47;4,81;;false
USP-S | Howl (Minimal Wear);2026-03-04;buff163;143,14;2026-04-19;buff163;161,30;5,03;3,51;;false
P250 | Frontside Misty (Minimal Wear);2026-02-27;youpin;14,20;2026-04-09;youpin;16,07;0,72;5,07;;false
Five-SeveN | The Prince (Field-Tested);2026-03-02;dmarket;77,91;2026-03-27;dmarket;94,68;6,20;7,96;;false
USP-S | Colonnade (Field-Tested);2025-12-22;csfloat;30,49;2026-02-02;csfloat;35,70;2,22;7,30;;false
SSG 08 | Orion (Factory New);2026-01-22;csmoney;192,57;2026-02-09;csmoney;225,51;7,27;3,77;;false
MP5-SD | Aquamarine Revenge (Minimal Wear);2025-12-27;buff163;79,45;2026-01-27;buff163;90,92;4,16;5,24;;false
MAG-7 | The Prince (Factory New);2026-01-26;csmoney;17,07;2026-03-17;csmoney;19,64;0,30;1,76;;false
MP5-SD | Fuel Injector (Minimal Wear);2026-01-19;youpin;33,71;2026-03-13;youpin;35,55;-0,86;-2,55;;false
SG 553 | Neon Rider (Minimal Wear);2026-02-07;csfloat;247,47;2026-03-15;csfloat;277,81;6,28;2,54;;false
SG 553 | Asiimov (Field-Tested);2026-02-01;skinswap;73,92;2026-03-27;skinswap;91,10;7,09;9,60;;false
★ Stiletto Knife | Tiger Tooth (Field-Tested);2026-04-20;csfloat;965,56;2026-04-28;csfloat;1105,63;45,74;4,74;;false
Desert Eagle | Safari Mesh (Well-Worn);2026-02-15;csfloat;33,04;2026-03-23;csfloat;37,54;1,28;3,87;;false
★ Talon Knife | Tiger Tooth (Minimal Wear);2025-12-18;csfloat;876,58;2026-01-05;csfloat;996,52;34,45;3,93;;false
M4A1-S | Sunset Storm (Battle-Scarred);2026-04-09;csfloat;254,82;2026-05-08;csfloat;288,06;8,43;3,31;;false
AWP | Orion (Field-Tested);2026-01-25;csfloat;138,52;2026-03-02;csfloat;161,39;9,29;6,70;;false
M4A4 | Omega (Battle-Scarred);2026-02-26;csmoney;207,34;2026-03-08;csmoney;253,34;17,83;8,60;;false
★ Gut Knife | Damascus Steel (Factory New);2025-12-20;buff163;597,17;2026-01-07;buff163;696,42;44,14;7,39;;false
PP-Bizon | Hyper Beast (Battle-Scarred);2026-03-28;dmarket;51,30;2026-04-25;dmarket;62,08;3,85;7,50;;false
Desert Eagle | Asiimov (Field-Tested);2025-12-20;csfloat;268,24;2026-01-29;csfloat;317,73;23,06;8,60;;false
SG 553 | Candy Apple (Field-Tested);2026-02-23;csmoney;42,22;2026-03-05;csmoney;47,10;-0,63;-1,50;;false
MP5-SD | Phosphor (Field-Tested);2026-02-25;buff163;29,91;2026-04-08;buff163;31,28;-1,34;-4,49;;false
XM1014 | Wildfire (Well-Worn);2026-02-10;csmoney;57,29;2026-04-08;csmoney;69,12;4,08;7,13;;false
M4A4 | Safari Mesh (Field-Tested);2026-01-20;csmoney;49,25;2026-02-16;csmoney;54,30;-1,34;-2,73;;false
AK-47 | Frontside Misty (Field-Tested);2026-02-23;csmoney;69,14;2026-03-04;csmoney;82,07;3,65;5,29;;false
★ Bowie Knife | Doppler (Field-Tested);2026-01-09;youpin;752,94;2026-02-19;youpin;859,94;46,39;6,16;;false
PP-Bizon | Candy Apple (Well-Worn);2025-12-01;buff163;22,03;2026-01-26;buff163;25,35;1,30;5,90;;false
Desert Eagle | Phosphor (Minimal Wear);2025-12-28;buff163;63,25;2026-02-02;buff163;73,84;4,75;7,51;;false
Galil AR | Desolate Space (Well-Worn);2025-12-01;csfloat;87,69;2026-01-13;csfloat;97,55;1,35;1,54;;false
★ Karambit | Case Hardened (Factory New);2026-04-12;csfloat;865,07;2026-05-03;csfloat;984,73;35,27;4,08;;false
AK-47 | Moss Quartz (Factory New);2026-01-24;csfloat;56,23;2026-02-28;csfloat;62,81;1,12;1,99;;false
P250 | Safari Mesh (Factory New);2025-12-15;dmarket;60,13;2026-02-05;dmarket;65,12;-2,76;-4,59;;false
P250 | Decimator (Factory New);2025-12-31;skinswap;14,67;2026-02-03;skinswap;17,53;0,88;6,01;;false
MP7 | Phosphor (Minimal Wear);2026-04-16;skinswap;13,57;2026-05-08;skinswap;16,01;0,63;4,67;;false
Desert Eagle | Fuel Injector (Field-Tested);2026-04-19;buff163;34,93;2026-04-28;buff163;36,60;-1,49;-4,28;;false
CZ75-Auto | Candy Apple (Field-Tested);2025-12-28;dmarket;43,04;2026-01-25;dmarket;49,73;0,99;2,30;;false
USP-S | Frontside Misty (Minimal Wear);2026-02-14;buff163;193,18;2026-03-17;buff163;215,12;4,27;2,21;;false
★ Gut Knife | Crimson Web (Minimal Wear);2026-03-12;csfloat;822,89;2026-04-10;csfloat;966,38;62,63;7,61;;false
CZ75-Auto | Omega (Field-Tested);2026-04-21;csfloat;64,28;2026-04-28;csfloat;77,06;6,44;10,02;;false
USP-S | Omega (Factory New);2026-02-13;csfloat;278,15;2026-04-07;csfloat;325,92;20,45;7,35;;false
AUG | Blue Gem (Minimal Wear);2026-01-30;buff163;81,28;2026-02-08;buff163;95,78;6,99;8,60;;false
AUG | Neo-Noir (Battle-Scarred);2026-02-20;skinswap;61,09;2026-04-03;skinswap;73,43;4,11;6,72;;false
AK-47 | Decimator (Well-Worn);2026-03-30;csfloat;45,85;2026-04-04;csfloat;54,34;3,98;8,67;;false
CZ75-Auto | Fuel Injector (Field-Tested);2026-01-01;csmoney;56,75;2026-02-01;csmoney;69,44;4,98;8,77;;false
UMP-45 | Aquamarine Revenge (Field-Tested);2026-04-14;skinswap;54,04;2026-04-21;skinswap;64,67;3,35;6,21;;false
MP9 | Cyrex (Battle-Scarred);2026-03-15;dmarket;77,21;2026-04-15;dmarket;93,02;5,40;6,99;;false
P90 | Decimator (Well-Worn);2026-04-15;csfloat;77,84;2026-04-26;csfloat;91,00;5,52;7,10;;false
AK-47 | Colonnade (Well-Worn);2026-02-21;csmoney;70,72;2026-03-14;csmoney;86,25;5,93;8,39;;false
AWP | Poseidon (Minimal Wear);2026-01-19;csfloat;42,49;2026-02-20;csfloat;50,30;3,62;8,52;;false
P90 | Medusa (Minimal Wear);2026-02-20;buff163;50,26;2026-03-26;buff163;59,69;4,77;9,49;;false
AK-47 | Poseidon (Field-Tested);2026-01-19;buff163;53,64;2026-01-31;buff163;60,53;1,97;3,67;;false
MAG-7 | Asiimov (Factory New);2026-03-05;youpin;73,07;2026-03-19;youpin;84,06;5,09;6,97;;false
Sawed-Off | Omega (Field-Tested);2026-01-09;csfloat;66,60;2026-01-14;csfloat;78,74;5,58;8,38;;false
Tec-9 | Orion (Factory New);2026-03-23;buff163;10,69;2026-05-07;buff163;11,82;0,16;1,51;;false
AWP | Neon Rider (Minimal Wear);2026-01-05;csfloat;30,15;2026-02-21;csfloat;33,59;0,52;1,71;;false
AWP | Dragon Lore (Field-Tested);2026-02-06;csfloat;197,25;2026-03-12;csfloat;232,43;15,78;8,00;;false
USP-S | Hyper Beast (Minimal Wear);2026-02-07;csfloat;23,06;2026-03-19;csfloat;27,24;1,90;8,25;;false
M4A1-S | Amber Fade (Field-Tested);2026-03-17;csmoney;137,03;2026-05-02;csmoney;165,74;10,18;7,43;;false
Sawed-Off | Hot Rod (Minimal Wear);2025-11-23;dmarket;53,91;2026-01-20;dmarket;64,39;3,24;6,00;;false
AUG | Aquamarine Revenge (Well-Worn);2026-03-17;buff163;28,75;2026-04-16;buff163;33,34;1,95;6,77;;false
CZ75-Auto | Stained (Field-Tested);2026-02-12;csmoney;39,46;2026-04-12;csmoney;48,97;4,11;10,40;;false
Sawed-Off | Omega (Field-Tested);2025-12-24;csfloat;69,00;2026-01-23;csfloat;80,67;4,90;7,10;;false
AUG | Orion (Field-Tested);2026-01-08;csfloat;208,18;2026-02-02;csfloat;246,59;17,90;8,60;;false
USP-S | Gamma Doppler (Battle-Scarred);2026-02-13;csfloat;149,96;2026-04-04;csfloat;169,61;5,05;3,37;;false
SG 553 | Wildfire (Field-Tested);2026-03-19;buff163;31,59;2026-04-01;buff163;36,65;2,14;6,77;;false
AWP | The Prince (Factory New);2026-01-09;csfloat;17,98;2026-01-14;csfloat;20,96;1,21;6,75;;false
★ Stiletto Knife | Fade (Minimal Wear);2026-02-08;csfloat;434,55;2026-02-25;csfloat;458,30;-17,92;-4,12;;false
M4A4 | Fuel Injector (Minimal Wear);2026-03-08;skinswap;216,39;2026-05-07;skinswap;263,61;17,86;8,25;;false
MP7 | Dune (Factory New);2026-01-30;csfloat;61,37;2026-03-05;csfloat;70,14;2,78;4,54;;false
Glock-18 | Neo-Noir (Minimal Wear);2026-03-14;csfloat;15,00;2026-05-06;csfloat;17,43;0,96;6,38;;false
MP9 | Sunset Storm (Factory New);2026-02-22;csmoney;16,73;2026-03-10;csmoney;20,02;1,04;6,23;;false
MP5-SD | Fuel Injector (Battle-Scarred);2026-02-16;csfloat;20,52;2026-02-28;csfloat;24,18;1,64;8,01;;false
MAC-10 | Hot Rod (Minimal Wear);2026-01-09;csfloat;52,04;2026-02-25;csfloat;61,47;4,31;8,28;;false
FAMAS | Tiger Tooth (Minimal Wear);2026-02-04;dmarket;252,89;2026-04-04;dmarket;308,57;21,35;8,44;;false
FAMAS | Dune (Minimal Wear);2026-04-22;csfloat;52,21;2026-05-02;csfloat;59,44;2,13;4,08;;false
★ Butterfly Knife | Tiger Tooth (Minimal Wear);2026-01-22;csfloat;1403,45;2026-01-29;csfloat;1599,03;58,65;4,18;;false
Galil AR | Medusa (Minimal Wear);2026-02-09;youpin;41,98;2026-03-03;youpin;46,05;0,71;1,69;;false
Nova | Hyper Beast (Battle-Scarred);2026-01-18;csfloat;28,50;2026-03-16;csfloat;32,56;1,28;4,49;;false
AWP | Medusa (Battle-Scarred);2025-12-20;buff163;179,45;2026-01-17;buff163;199,96;4,09;2,28;;false
★ Talon Knife | Tiger Tooth (Factory New);2026-01-05;csmoney;616,44;2026-02-02;csmoney;721,84;23,20;3,76;;false
XM1014 | Desolate Space (Well-Worn);2026-03-12;youpin;69,06;2026-05-04;youpin;80,52;5,89;8,53;;false
Five-SeveN | Stained (Minimal Wear);2026-03-29;csfloat;14,95;2026-05-08;csfloat;17,11;0,71;4,74;;false
Glock-18 | Redline (Field-Tested);2026-03-07;csfloat;26,41;2026-04-17;csfloat;30,87;1,87;7,08;;false
CZ75-Auto | Cyrex (Well-Worn);2026-02-21;buff163;18,10;2026-04-11;buff163;20,54;0,77;4,28;;false
P90 | Boreal Forest (Well-Worn);2026-01-05;csfloat;39,05;2026-03-03;csfloat;43,72;0,87;2,23;;false
SG 553 | Lore (Well-Worn);2025-12-14;csmoney;42,25;2026-01-25;csmoney;50,71;2,76;6,54;;false
Sawed-Off | Neo-Noir (Battle-Scarred);2025-12-23;csfloat;34,49;2026-02-08;csfloat;39,80;1,93;5,61;;false
PP-Bizon | Amber Fade (Well-Worn);2026-02-04;skinswap;23,12;2026-03-08;skinswap;27,45;1,24;5,35;;false
P2000 | Vulcan (Battle-Scarred);2025-12-09;dmarket;46,09;2026-02-04;dmarket;55,14;2,85;6,18;;false
★ Bayonet | Autotronic (Minimal Wear);2025-12-31;csmoney;497,56;2026-02-27;csmoney;602,19;37,32;7,50;;false
AK-47 | Howl (Minimal Wear);2025-12-18;buff163;73,58;2026-01-27;buff163;86,11;5,74;7,80;;false
M4A1-S | Lore (Battle-Scarred);2026-04-10;csmoney;226,83;2026-04-19;csmoney;268,44;11,22;4,95;;false
Glock-18 | Cyrex (Minimal Wear);2025-12-20;csfloat;64,98;2026-02-07;csfloat;76,55;5,17;7,96;;false
MP7 | Sunset Storm (Factory New);2026-01-24;csfloat;21,57;2026-02-09;csfloat;25,20;1,52;7,03;;false
MP9 | Orion (Field-Tested);2026-01-22;csfloat;60,60;2026-02-24;csfloat;69,89;3,35;5,53;;false
P250 | Stained (Field-Tested);2026-01-22;youpin;31,48;2026-03-23;youpin;35,42;1,42;4,51;;false
★ M9 Bayonet | Tiger Tooth (Field-Tested);2026-02-24;csfloat;712,87;2026-04-01;csfloat;840,64;57,64;8,09;;false
XM1014 | Sunset Storm (Field-Tested);2025-12-19;csfloat;22,58;2026-01-08;csfloat;26,29;1,49;6,62;;false
MP7 | Tourmaline (Battle-Scarred);2026-02-26;buff163;60,70;2026-04-06;buff163;70,45;4,16;6,85;;false
FAMAS | Dragon Lore (Factory New);2026-02-03;csfloat;179,69;2026-02-16;csfloat;207,13;9,86;5,48;;false
AK-47 | Neon Rider (Field-Tested);2025-12-04;csfloat;265,82;2026-01-19;csfloat;303,80;12,03;4,52;;false
★ Talon Knife | Autotronic (Factory New);2025-11-23;csfloat;468,09;2026-01-11;csfloat;544,28;30,30;6,47;;false
PP-Bizon | Blue Gem (Factory New);2026-02-13;youpin;12,22;2026-03-07;youpin;13,95;0,74;6,07;;false
P250 | Frontside Misty (Minimal Wear);2025-12-01;csfloat;68,53;2026-01-29;csfloat;79,89;4,63;6,76;;false
Nova | Decimator (Factory New);2026-01-08;csfloat;25,30;2026-03-05;csfloat;28,92;1,16;4,59;;false
P250 | Poseidon (Field-Tested);2026-01-07;dmarket;18,13;2026-02-28;dmarket;22,11;1,52;8,36;;false
AUG | Colonnade (Well-Worn);2026-03-06;buff163;57,56;2026-03-24;buff163;64,08;1,26;2,18;;false
SG 553 | Blue Gem (Minimal Wear);2026-01-21;csfloat;13,15;2026-03-12;csfloat;15,52;1,07;8,17;;false
P90 | Fuel Injector (Field-Tested);2026-01-29;csfloat;48,43;2026-03-05;csfloat;55,08;1,93;3,99;;false
M4A1-S | Tourmaline (Minimal Wear);2026-01-08;buff163;36,70;2026-01-27;buff163;41,37;1,30;3,54;;false
MAC-10 | Phosphor (Factory New);2026-02-04;csmoney;37,14;2026-02-23;csmoney;44,69;2,55;6,86;;false
AUG | Blue Gem (Field-Tested);2026-04-02;dmarket;167,75;2026-04-11;dmarket;201,65;11,27;6,72;;false
MAC-10 | Orion (Factory New);2026-02-25;csfloat;44,55;2026-04-23;csfloat;51,29;2,39;5,36;;false
AWP | Neo-Noir (Field-Tested);2026-03-25;csfloat;124,26;2026-04-15;csfloat;142,17;5,78;4,65;;false
P2000 | Neon Rider (Field-Tested);2026-03-01;csfloat;35,56;2026-04-01;csfloat;42,81;3,73;10,49;;false
Sawed-Off | Howl (Battle-Scarred);2025-12-31;buff163;16,55;2026-02-28;buff163;18,98;0,91;5,52;;false
CZ75-Auto | Stained (Field-Tested);2026-03-12;buff163;47,20;2026-03-30;buff163;52,92;1,40;2,96;;false
SSG 08 | Asiimov (Factory New);2026-02-20;dmarket;11,33;2026-03-15;dmarket;13,47;0,61;5,41;;false
CZ75-Auto | Sunset Storm (Minimal Wear);2025-12-02;dmarket;28,94;2026-01-26;dmarket;34,51;1,68;5,79;;false
AUG | Asiimov (Field-Tested);2026-03-31;csfloat;41,05;2026-04-05;csfloat;46,99;1,93;4,71;;false
USP-S | Sunset Storm (Well-Worn);2026-01-29;buff163;83,60;2026-02-28;buff163;96,21;4,91;5,88;;false
MP5-SD | Candy Apple (Minimal Wear);2026-03-19;buff163;47,35;2026-04-13;buff163;54,90;3,19;6,74;;false
AWP | Case Hardened (Field-Tested);2026-01-09;csmoney;204,80;2026-02-08;csmoney;246,49;14,06;6,86;;false
Nova | Lore (Field-Tested);2026-01-10;buff163;53,77;2026-02-01;buff163;63,75;4,99;9,27;;false
Desert Eagle | Orion (Well-Worn);2025-11-18;buff163;26,73;2026-01-13;buff163;30,57;1,38;5,15;;false
M4A1-S | Hot Rod (Well-Worn);2026-01-03;dmarket;199,63;2026-01-16;dmarket;243,07;16,35;8,19;;false
Desert Eagle | Omega (Field-Tested);2026-01-16;dmarket;224,54;2026-02-08;dmarket;269,61;14,79;6,59;;false
AWP | Crimson Web (Well-Worn);2026-04-05;csfloat;100,05;2026-04-29;csfloat;116,95;7,08;7,08;;false
MAC-10 | Redline (Well-Worn);2026-02-18;csfloat;12,29;2026-03-12;csfloat;14,48;0,98;7,96;;false
AK-47 | Dragon Lore (Well-Worn);2026-01-22;buff163;61,17;2026-02-17;buff163;69,79;3,00;4,90;;false
SSG 08 | Moss Quartz (Minimal Wear);2026-01-17;buff163;231,29;2026-02-25;buff163;271,11;18,46;7,98;;false
M4A4 | Safari Mesh (Minimal Wear);2026-03-28;youpin;33,49;2026-04-24;youpin;38,99;2,81;8,38;;false
CZ75-Auto | Fuel Injector (Field-Tested);2026-03-19;youpin;32,18;2026-05-02;youpin;36,57;1,81;5,61;;false
SG 553 | Hot Rod (Well-Worn);2025-12-30;buff163;35,76;2026-02-17;buff163;41,04;1,99;5,56;;false
MAG-7 | Tourmaline (Factory New);2026-03-29;buff163;29,31;2026-04-03;buff163;34,21;2,19;7,48;;false
CZ75-Auto | Frontside Misty (Field-Tested);2025-11-28;buff163;68,03;2026-01-01;buff163;78,00;3,71;5,45;;false
MP7 | Stained (Field-Tested);2026-04-16;csfloat;49,64;2026-04-25;csfloat;57,31;2,81;5,65;;false
MP9 | Orion (Well-Worn);2026-03-25;csfloat;51,02;2026-05-07;csfloat;59,16;3,14;6,15;;false
AK-47 | Safari Mesh (Well-Worn);2026-03-12;buff163;215,79;2026-03-28;buff163;244,35;8,76;4,06;;false
SG 553 | Omega (Field-Tested);2026-04-10;csfloat;232,31;2026-05-06;csfloat;270,47;15,37;6,62;;false
SSG 08 | Phosphor (Well-Worn);2026-01-04;csmoney;89,47;2026-02-13;csmoney;109,18;7,56;8,45;;false
AUG | Amber Fade (Minimal Wear);2026-02-07;csfloat;77,36;2026-04-03;csfloat;88,12;3,21;4,15;;false
★ Stiletto Knife | Marble Fade (Field-Tested);2026-02-25;csfloat;350,12;2026-03-14;csfloat;413,31;28,74;8,21;;false
Tec-9 | Wildfire (Field-Tested);2025-11-24;buff163;31,85;2026-01-16;buff163;37,37;2,58;8,10;;false
SSG 08 | Sunset Storm (Battle-Scarred);2026-03-12;dmarket;94,14;2026-04-05;dmarket;110,31;3,61;3,84;;false
P90 | Orion (Field-Tested);2026-04-20;csfloat;38,23;2026-05-05;csfloat;44,89;2,90;7,59;;false
SSG 08 | Frontside Misty (Well-Worn);2026-03-01;youpin;45,09;2026-04-29;youpin;50,40;1,69;3,74;;false
AUG | Sunset Storm (Well-Worn);2026-02-14;buff163;69,17;2026-03-26;buff163;82,78;7,20;10,41;;false
PP-Bizon | Vulcan (Field-Tested);2026-03-08;csmoney;23,21;2026-05-03;csmoney;27,13;0,83;3,57;;false
XM1014 | Asiimov (Minimal Wear);2026-02-08;skinswap;24,68;2026-03-27;skinswap;30,36;2,32;9,41;;false
FAMAS | Neon Rider (Field-Tested);2026-03-08;csfloat;34,34;2026-04-02;csfloat;38,84;1,16;3,38;;false
SSG 08 | Blue Gem (Field-Tested);2025-12-28;buff163;10,30;2026-01-12;buff163;12,10;0,86;8,35;;false
CZ75-Auto | Safari Mesh (Field-Tested);2026-01-06;csfloat;49,17;2026-03-07;csfloat;56,05;2,09;4,24;;false
AK-47 | Aquamarine Revenge (Factory New);2025-11-30;youpin;172,25;2026-01-29;youpin;189,07;2,99;1,73;;false
AUG | Blue Gem (Battle-Scarred);2026-01-22;dmarket;65,85;2026-03-17;dmarket;77,41;2,75;4,18;;false
PP-Bizon | Fuel Injector (Minimal Wear);2026-02-28;csfloat;56,23;2026-04-26;csfloat;66,19;4,43;7,88;;false
M4A4 | Decimator (Battle-Scarred);2026-02-03;csmoney;54,93;2026-03-05;csmoney;64,80;2,51;4,58;;false
AUG | Crimson Web (Battle-Scarred);2026-02-15;skinswap;251,14;2026-03-12;skinswap;304,47;19,32;7,69;;false
Desert Eagle | Desolate Space (Minimal Wear);2026-04-02;csmoney;56,53;2026-05-04;csmoney;66,73;2,64;4,68;;false
Sawed-Off | Candy Apple (Battle-Scarred);2025-12-26;buff163;48,42;2026-01-23;buff163;54,87;2,00;4,13;;false
Galil AR | Cyrex (Minimal Wear);2026-01-22;csfloat;289,02;2026-02-06;csfloat;342,03;24,55;8,49;;false
AUG | Poseidon (Well-Worn);2026-02-10;dmarket;27,43;2026-03-30;dmarket;32,13;1,03;3,76;;false
★ Gut Knife | Gamma Doppler (Factory New);2026-02-18;buff163;772,44;2026-02-27;buff163;897,53;53,86;6,97;;false
Desert Eagle | Fuel Injector (Field-Tested);2026-01-26;csmoney;71,76;2026-02-20;csmoney;85,35;3,96;5,51;;false
USP-S | Howl (Minimal Wear);2026-04-02;csfloat;25,11;2026-04-07;csfloat;29,66;2,09;8,30;;false
FAMAS | Asiimov (Field-Tested);2025-12-30;csfloat;67,91;2026-01-29;csfloat;75,60;1,10;1,61;;false
SSG 08 | Hot Rod (Battle-Scarred);2025-12-11;skinswap;204,30;2026-02-09;skinswap;233,89;2,61;1,28;;false
Nova | Orion (Well-Worn);2025-12-19;csfloat;43,50;2026-02-14;csfloat;50,84;3,06;7,04;;false
MAC-10 | Wildfire (Field-Tested);2026-02-28;csfloat;73,22;2026-04-14;csfloat;83,01;2,65;3,63;;false
P250 | Hot Rod (Field-Tested);2026-01-07;csmoney;32,30;2026-02-11;csmoney;39,23;2,55;7,89;;false
P2000 | Orion (Battle-Scarred);2025-12-14;buff163;53,28;2026-01-15;buff163;63,37;5,15;9,66;;false
MP5-SD | Hyper Beast (Field-Tested);2026-03-26;buff163;18,46;2026-04-14;buff163;21,37;1,20;6,52;;false
Five-SeveN | Howl (Field-Tested);2026-02-23;csmoney;44,26;2026-03-08;csmoney;51,66;1,52;3,42;;false
Five-SeveN | Lore (Minimal Wear);2026-02-06;csfloat;39,24;2026-03-23;csfloat;46,66;3,55;9,04;;false
★ Talon Knife | Rust Coat (Factory New);2026-03-19;skinswap;667,48;2026-03-30;skinswap;801,82;44,33;6,64;;false
Nova | Wildfire (Field-Tested);2025-12-10;csmoney;57,46;2026-01-26;csmoney;69,54;4,30;7,48;;false
M4A1-S | Candy Apple (Field-Tested);2026-01-16;csfloat;18,21;2026-03-09;csfloat;21,50;1,49;8,20;;false
SSG 08 | Dragon Lore (Minimal Wear);2025-12-24;csfloat;78,53;2026-02-11;csfloat;92,35;6,09;7,76;;false
PP-Bizon | Safari Mesh (Battle-Scarred);2026-03-02;csfloat;13,47;2026-03-07;csfloat;15,75;0,95;7,02;;false
MAC-10 | Howl (Battle-Scarred);2026-02-28;skinswap;71,85;2026-04-13;skinswap;82,76;1,40;1,94;;false
M4A1-S | Hyper Beast (Factory New);2026-01-13;buff163;39,38;2026-03-06;buff163;44,28;1,29;3,28;;false
MP7 | Phosphor (Field-Tested);2026-04-30;csmoney;79,57;2026-05-05;csmoney;93,00;2,83;3,55;;false
USP-S | Boreal Forest (Well-Worn);2026-02-19;buff163;54,38;2026-03-25;buff163;63,15;3,76;6,92;;false
MP7 | Boreal Forest (Minimal Wear);2026-01-12;csfloat;59,25;2026-02-26;csfloat;68,81;3,74;6,31;;false
MP9 | Neo-Noir (Factory New);2025-11-14;buff163;79,38;2026-01-11;buff163;93,25;6,53;8,23;;false
★ Flip Knife | Doppler (Minimal Wear);2026-02-25;dmarket;988,45;2026-03-14;dmarket;1171,81;50,85;5,14;;false
MAC-10 | Redline (Field-Tested);2026-02-26;csfloat;76,48;2026-04-26;csfloat;91,13;7,12;9,30;;false
Desert Eagle | Fuel Injector (Minimal Wear);2026-03-01;csmoney;92,88;2026-04-25;csmoney;109,50;4,19;4,51;;false
★ Bowie Knife | Doppler (Field-Tested);2026-01-30;buff163;1017,72;2026-03-28;buff163;1153,08;41,96;4,12;;false
★ Butterfly Knife | Marble Fade (Factory New);2026-02-19;csmoney;1741,58;2026-03-29;csmoney;2085,99;109,86;6,31;;false
M4A1-S | Autotronic (Field-Tested);2026-02-16;csmoney;101,82;2026-03-11;csmoney;123,98;8,34;8,19;;false
★ Shadow Daggers | Gamma Doppler (Factory New);2026-02-08;csmoney;1192,59;2026-02-15;csmoney;1457,02;102,39;8,59;;false
P250 | Dragon Lore (Battle-Scarred);2026-03-06;csfloat;73,36;2026-04-30;csfloat;88,39;7,77;10,59;;false
P250 | Blue Gem (Field-Tested);2026-04-08;dmarket;67,18;2026-04-23;dmarket;79,91;3,72;5,54;;false
Tec-9 | Asiimov (Battle-Scarred);2025-12-12;buff163;57,00;2026-01-04;buff163;67,14;4,88;8,56;;false
SG 553 | Vulcan (Field-Tested);2026-02-13;buff163;163,05;2026-04-03;buff163;181,45;3,48;2,14;;false
Galil AR | Printstream (Well-Worn);2026-02-04;csmoney;218,89;2026-03-17;csmoney;267,46;18,82;8,60;;false
M4A4 | Neo-Noir (Minimal Wear);2026-03-12;csfloat;204,04;2026-04-30;csfloat;239,32;15,23;7,46;;false
AK-47 | Cyrex (Minimal Wear);2025-12-13;csfloat;128,35;2026-02-04;csfloat;145,96;5,08;3,96;;false
Glock-18 | Lore (Field-Tested);2026-02-26;csfloat;272,80;2026-04-27;csfloat;313,79;14,32;5,25;;false
P250 | Redline (Field-Tested);2026-04-13;buff163;17,25;2026-04-23;buff163;19,87;1,03;5,98;;false
Galil AR | Frontside Misty (Minimal Wear);2026-05-02;csmoney;40,82;2026-05-09;csmoney;50,30;3,92;9,61;;false
MAG-7 | Colonnade (Field-Tested);2026-03-11;dmarket;75,91;2026-05-08;dmarket;94,17;7,88;10,38;;false
SG 553 | Phosphor (Minimal Wear);2026-04-03;csfloat;12,30;2026-04-19;csfloat;14,39;0,88;7,17;;false
M4A1-S | Blue Gem (Field-Tested);2025-12-30;csfloat;79,31;2026-02-15;csfloat;93,08;5,97;7,52;;false
Sawed-Off | Safari Mesh (Field-Tested);2026-02-13;skinswap;27,07;2026-03-18;skinswap;31,82;1,14;4,21;;false
AWP | Hot Rod (Well-Worn);2025-12-10;skinswap;18,86;2026-01-06;skinswap;22,56;1,17;6,21;;false
Desert Eagle | Desolate Space (Field-Tested);2025-12-27;buff163;155,18;2026-02-24;buff163;167,27;-2,02;-1,30;;false
AUG | Lore (Field-Tested);2026-03-08;skinswap;46,86;2026-04-20;skinswap;55,22;2,09;4,45;;false
UMP-45 | Asiimov (Battle-Scarred);2026-02-26;buff163;75,65;2026-04-22;buff163;88,75;6,10;8,07;;false
Glock-18 | Poseidon (Field-Tested);2026-01-27;buff163;225,64;2026-02-08;buff163;252,59;6,29;2,79;;false
M4A1-S | Printstream (Battle-Scarred);2025-12-22;csfloat;291,39;2026-01-31;csfloat;342,65;22,62;7,76;;false
Desert Eagle | Moss Quartz (Minimal Wear);2025-12-27;csfloat;285,73;2026-01-29;csfloat;331,14;17,41;6,09;;false
USP-S | Amber Fade (Field-Tested);2026-02-27;buff163;38,18;2026-03-23;buff163;44,97;3,26;8,53;;false
★ Butterfly Knife | Gamma Doppler (Field-Tested);2026-02-09;csfloat;1667,69;2026-02-20;csfloat;1951,45;120,01;7,20;;false
★ Shadow Daggers | Gamma Doppler (Factory New);2025-12-24;youpin;1517,72;2026-02-20;youpin;1595,56;-43,65;-2,88;;false
XM1014 | Amber Fade (Field-Tested);2026-03-22;csfloat;33,67;2026-04-12;csfloat;38,37;1,41;4,18;;false
M4A4 | Stained (Field-Tested);2026-02-23;csfloat;40,85;2026-03-15;csfloat;46,31;1,48;3,63;;false
SG 553 | Fuel Injector (Battle-Scarred);2026-01-02;dmarket;88,47;2026-02-23;dmarket;106,91;6,48;7,33;;false
Glock-18 | Omega (Battle-Scarred);2026-02-08;csmoney;196,67;2026-03-01;csmoney;231,30;8,36;4,25;;false
UMP-45 | Hyper Beast (Battle-Scarred);2026-02-02;csmoney;35,31;2026-02-22;csmoney;41,67;1,64;4,66;;false
AWP | Safari Mesh (Battle-Scarred);2026-01-14;buff163;22,56;2026-03-11;buff163;25,59;0,96;4,24;;false
MP9 | Redline (Factory New);2026-02-23;youpin;22,11;2026-03-06;youpin;25,48;1,59;7,19;;false
USP-S | Phosphor (Field-Tested);2026-03-20;csfloat;45,09;2026-03-31;csfloat;51,88;2,38;5,27;;false
★ Flip Knife | Rust Coat (Factory New);2026-03-11;buff163;954,33;2026-04-28;buff163;1101,32;59,10;6,19;;false
P2000 | Blue Gem (Field-Tested);2025-11-22;dmarket;55,90;2026-01-05;dmarket;67,55;4,09;7,33;;false
Desert Eagle | Amber Fade (Field-Tested);2026-02-01;skinswap;33,94;2026-02-28;skinswap;42,10;3,53;10,39;;false
P2000 | Vulcan (Field-Tested);2026-01-24;buff163;55,44;2026-03-12;buff163;62,20;1,69;3,04;;false
Galil AR | Amber Fade (Well-Worn);2026-01-16;buff163;269,40;2026-02-22;buff163;286,82;-7,03;-2,61;;false
AWP | Desolate Space (Minimal Wear);2026-02-08;csfloat;59,93;2026-04-09;csfloat;67,93;2,15;3,59;;false
Glock-18 | Lore (Battle-Scarred);2026-01-29;csfloat;13,59;2026-03-18;csfloat;15,39;0,47;3,48;;false
Nova | Fuel Injector (Factory New);2026-01-19;csfloat;62,46;2026-03-10;csfloat;74,88;6,24;10,00;;false
P90 | Stained (Well-Worn);2026-01-05;skinswap;52,53;2026-02-01;skinswap;61,22;1,70;3,23;;false
MAG-7 | Omega (Well-Worn);2026-01-03;csmoney;33,81;2026-01-29;csmoney;40,23;1,87;5,53;;false
★ Shadow Daggers | Rust Coat (Minimal Wear);2026-02-27;csfloat;914,83;2026-03-11;csfloat;1068,75;64,12;7,01;;false
CZ75-Auto | Wildfire (Minimal Wear);2026-02-04;buff163;70,53;2026-03-24;buff163;82,91;5,87;8,32;;false
Desert Eagle | Dragon Lore (Minimal Wear);2026-02-01;csfloat;119,16;2026-03-16;csfloat;134,84;4,07;3,42;;false
★ Karambit | Damascus Steel (Factory New);2026-02-27;skinswap;454,42;2026-04-06;skinswap;551,02;35,07;7,72;;false
★ M9 Bayonet | Marble Fade (Field-Tested);2026-03-25;csfloat;648,87;2026-04-09;csfloat;760,80;48,18;7,43;;false
MP7 | Candy Apple (Field-Tested);2026-02-02;dmarket;53,29;2026-02-12;dmarket;61,99;1,61;3,03;;false
★ Butterfly Knife | Crimson Web (Minimal Wear);2026-01-28;csfloat;542,31;2026-03-17;csfloat;636,79;41,19;7,59;;false
P250 | Stained (Minimal Wear);2026-02-10;csfloat;68,61;2026-04-11;csfloat;77,67;2,38;3,46;;false
AWP | Frontside Misty (Factory New);2026-01-26;skinswap;17,64;2026-03-21;skinswap;21,46;1,43;8,10;;false
UMP-45 | Stained (Field-Tested);2026-04-05;skinswap;65,01;2026-04-30;skinswap;79,52;5,67;8,73;;false
UMP-45 | Lore (Field-Tested);2026-02-10;csfloat;43,69;2026-03-25;csfloat;51,71;3,71;8,49;;false
XM1014 | Vulcan (Field-Tested);2026-02-03;csfloat;46,98;2026-03-12;csfloat;53,20;1,63;3,48;;false
Glock-18 | Tiger Tooth (Field-Tested);2025-12-15;buff163;94,14;2026-02-06;buff163;105,65;2,89;3,07;;false
M4A4 | Safari Mesh (Battle-Scarred);2026-03-03;youpin;52,02;2026-03-14;youpin;61,26;5,04;9,69;;false
XM1014 | Neo-Noir (Factory New);2025-12-29;csfloat;54,14;2026-02-16;csfloat;60,40;1,01;1,87;;false
Glock-18 | Fuel Injector (Minimal Wear);2025-12-03;csfloat;267,53;2026-01-19;csfloat;309,76;16,04;5,99;;false
AUG | Medusa (Well-Worn);2026-02-11;csfloat;69,26;2026-02-21;csfloat;80,63;4,58;6,61;;false
P2000 | Blue Gem (Battle-Scarred);2025-12-25;csfloat;77,71;2026-01-10;csfloat;89,14;3,84;4,94;;false
FAMAS | Neon Rider (Battle-Scarred);2025-12-17;csmoney;177,52;2026-01-25;csmoney;215,88;14,29;8,05;;false
Sawed-Off | Amber Fade (Minimal Wear);2026-01-26;buff163;25,48;2026-03-22;buff163;29,94;2,11;8,27;;false
P250 | Poseidon (Well-Worn);2026-01-17;csmoney;14,13;2026-03-01;csmoney;16,48;0,46;3,27;;false
SG 553 | Printstream (Field-Tested);2026-03-06;csfloat;46,40;2026-05-03;csfloat;54,80;3,85;8,29;;false
AK-47 | Damascus Steel (Battle-Scarred);2026-02-19;skinswap;258,51;2026-03-24;skinswap;315,87;22,23;8,60;;false
M4A4 | Colonnade (Minimal Wear);2026-01-21;skinswap;70,69;2026-03-12;skinswap;84,44;4,23;5,99;;false
Nova | Decimator (Well-Worn);2026-03-27;youpin;27,37;2026-05-04;youpin;31,79;2,22;8,13;;false
USP-S | Moss Quartz (Battle-Scarred);2025-12-28;csmoney;225,72;2026-01-20;csmoney;271,13;14,97;6,63;;false
M4A4 | Rust Coat (Field-Tested);2026-03-02;buff163;267,20;2026-04-04;buff163;300,89;9,19;3,44;;false
SG 553 | Hot Rod (Field-Tested);2026-04-04;csmoney;20,32;2026-05-07;csmoney;24,05;1,01;4,97;;false
USP-S | Howl (Field-Tested);2026-03-04;skinswap;194,99;2026-03-11;skinswap;232,54;11,35;5,82;;false
SG 553 | Dune (Battle-Scarred);2026-01-09;skinswap;121,67;2026-02-19;skinswap;140,09;2,31;1,90;;false
Desert Eagle | Sunset Storm (Minimal Wear);2026-01-23;buff163;17,07;2026-03-01;buff163;19,24;0,61;3,59;;false
★ Gut Knife | Case Hardened (Factory New);2026-03-17;csfloat;747,52;2026-03-26;csfloat;876,15;55,21;7,39;;false
AWP | Dragon Lore (Minimal Wear);2026-02-01;csfloat;65,10;2026-02-08;csfloat;78,03;6,50;9,99;;false
★ Gut Knife | Tiger Tooth (Factory New);2026-04-01;buff163;1657,29;2026-04-18;buff163;1928,97;118,81;7,17;;false
MP7 | Howl (Field-Tested);2026-03-30;csfloat;62,00;2026-04-07;csfloat;71,77;3,70;5,96;;false
P250 | Frontside Misty (Field-Tested);2026-01-06;buff163;49,46;2026-02-22;buff163;57,23;3,21;6,50;;false
Galil AR | Orion (Field-Tested);2026-01-22;buff163;122,72;2026-03-12;buff163;137,96;3,99;3,25;;false
PP-Bizon | Lore (Field-Tested);2025-12-08;buff163;76,74;2026-02-06;buff163;87,46;3,67;4,78;;false
SSG 08 | Hot Rod (Field-Tested);2026-04-11;buff163;215,94;2026-04-16;buff163;254,48;18,57;8,60;;false
P2000 | Omega (Minimal Wear);2026-03-08;buff163;13,06;2026-04-24;buff163;15,38;1,11;8,48;;false
SG 553 | Marble Fade (Well-Worn);2026-04-17;csfloat;127,80;2026-04-30;csfloat;149,90;9,54;7,47;;false